[
{
"emp_ID" : 101,
"emp_Name" : "Ramprasad",
"emp_Sal" : 25000,
"emp_Dept" : "Business"
},

{
    "emp_ID": 102,
    "emp_Name": "Laxmanprasad",
    "emp_Sal": 22000,
    "emp_Dept": "Accounts"
},

{
    "emp_ID": 103,
    "emp_Name": "Carlos",
    "emp_Sal": 25000,
    "emp_Dept": "Accounts"
},

{
    "emp_ID": 104,
    "emp_Name": "Yash",
    "emp_Sal": 33000,
    "emp_Dept": "Development"
},

{
    "emp_ID": 1,
    "emp_Name": "Himmat Singh",
    "emp_Sal": 75000,
    "emp_Dept": "Management"
}


]