[
    {
        "title": "Baazigar",
        "year": "1993",
        "genre": "Drama",
        "actors" : [
            "Shah Rukh Khan",
            "Rakhee Gulzar",
            "Kajol"
        ]
    },
    {
        "title": "Jodhaa Akbar",
        "year": "2008",
        "genre": "Biography",
        "actors": [
            "Hrithik Roshan",
            "Aishwarya Rai Bachchan",
            "Sonu Sood"
        ]
       
    },
    {
        "title": "Qayamat Se Qayamat Tak",
        "year": "1988",
        "genre": "Drama",
        "actors": [
            "Aamir Khan",
            "Juhi Chawla",
            "Goga Kapoor"
        ]
    },
    {
        "title": "Aankhen",
        "year": "2002",
        "genre": "Crime",
        "actors": [
            "Amitabh Bachchan",
            "Akshay Kumar",
            "Sushmita Sen"
        ]
    },
    {
        "title": "Dil Se..",
        "year": "1998",
        "genre": "Romance",
        "actors": [
            "Shah Rukh Khan",
            "Manisha Koirala",
            "Preity Zinta"
        ]
    },
    {
        "title": "Devdas",
        "year": "2002",
        "genre": "Romance",
        "actors": [
            "Shah Rukh Khan",
            "Madhuri Dixit",
            "Aishwarya Rai Bachchan"
        ]
    },
    {
    "title": "Sivaji",
    "year": "2007",
    "genre": "Action",
    "actors": [
        "Rajinikanth",
        "Shriya Saran",
        "Suman"
    ]
    },
    {
        "title": "Don",
        "year": "2006",
        "genre":"Action",
        "actors": [
            "Shah Rukh Khan",
            "Priyanka Chopra",
            "Arjun Rampal"
        ]
    },
    {
        "title": "Hungama",
        "year": "2003",
        "genre": "Comedy",
        "actors": [
            "Akshaye Khanna",
            "Aftab Shivdasani",
            "Rimi Sen"
        ]
    },
    {
        "title": "Dhamaal",
        "year": "2007",
        "genre":"Comedy",
        "actors": [
            "Sanjay Dutt",
            "Riteish Deshmukh",
            "Arshad Warsi"
        ]
    },
    {
        "title": "Golmaal: Fun Unlimited",
        "year": "2006",
        "genre": "Comedy",
        "actors": [
            "Ajay Devgn",
            "Arshad Warsi",
            "Sharman Joshi"
        ]
    }

]